scenario,theta,mean_value,variance_direct,variance_quadratic,variance_derivative
independent_counterexample,0.00,2.1760000000,0.1474560000,0.1474560000,-0.1645714286
independent_counterexample,0.05,2.2367142857,0.1393422245,0.1393422245,-0.1599795918
independent_counterexample,0.10,2.2974285714,0.1314580408,0.1314580408,-0.1553877551
independent_counterexample,0.15,2.3581428571,0.1238034490,0.1238034490,-0.1507959184
independent_counterexample,0.20,2.4188571429,0.1163784490,0.1163784490,-0.1462040816
independent_counterexample,0.25,2.4795714286,0.1091830408,0.1091830408,-0.1416122449
independent_counterexample,0.30,2.5402857143,0.1022172245,0.1022172245,-0.1370204082
independent_counterexample,0.35,2.6010000000,0.0954810000,0.0954810000,-0.1324285714
independent_counterexample,0.40,2.6617142857,0.0889743673,0.0889743673,-0.1278367347
independent_counterexample,0.45,2.7224285714,0.0826973265,0.0826973265,-0.1232448980
independent_counterexample,0.50,2.7831428571,0.0766498776,0.0766498776,-0.1186530612
independent_counterexample,0.55,2.8438571429,0.0708320204,0.0708320204,-0.1140612245
independent_counterexample,0.60,2.9045714286,0.0652437551,0.0652437551,-0.1094693878
independent_counterexample,0.65,2.9652857143,0.0598850816,0.0598850816,-0.1048775510
independent_counterexample,0.70,3.0260000000,0.0547560000,0.0547560000,-0.1002857143
independent_counterexample,0.75,3.0867142857,0.0498565102,0.0498565102,-0.0956938776
independent_counterexample,0.80,3.1474285714,0.0451866122,0.0451866122,-0.0911020408
independent_counterexample,0.85,3.2081428571,0.0407463061,0.0407463061,-0.0865102041
independent_counterexample,0.90,3.2688571429,0.0365355918,0.0365355918,-0.0819183673
independent_counterexample,0.95,3.3295714286,0.0325544694,0.0325544694,-0.0773265306
independent_counterexample,1.00,3.3902857143,0.0288029388,0.0288029388,-0.0727346939
independent_counterexample,1.05,3.4510000000,0.0252810000,0.0252810000,-0.0681428571
independent_counterexample,1.10,3.5117142857,0.0219886531,0.0219886531,-0.0635510204
independent_counterexample,1.15,3.5724285714,0.0189258980,0.0189258980,-0.0589591837
independent_counterexample,1.20,3.6331428571,0.0160927347,0.0160927347,-0.0543673469
correlated_initial_decline,0.00,2.2323200000,0.1275068416,0.1275068416,-0.0060579496
correlated_initial_decline,0.05,2.2885805042,0.1274224474,0.1274224474,0.0026821818
correlated_initial_decline,0.10,2.3448410084,0.1277750598,0.1277750598,0.0114223131
correlated_initial_decline,0.15,2.4011015126,0.1285646787,0.1285646787,0.0201624445
correlated_initial_decline,0.20,2.4573620168,0.1297913042,0.1297913042,0.0289025758
correlated_initial_decline,0.25,2.5136225210,0.1314549363,0.1314549363,0.0376427072
correlated_initial_decline,0.30,2.5698830252,0.1335555749,0.1335555749,0.0463828385
correlated_initial_decline,0.35,2.6261435294,0.1360932201,0.1360932201,0.0551229698
correlated_initial_decline,0.40,2.6824040336,0.1390678719,0.1390678719,0.0638631012
correlated_initial_decline,0.45,2.7386645378,0.1424795303,0.1424795303,0.0726032325
correlated_initial_decline,0.50,2.7949250420,0.1463281952,0.1463281952,0.0813433639
correlated_initial_decline,0.55,2.8511855462,0.1506138667,0.1506138667,0.0900834952
correlated_initial_decline,0.60,2.9074460504,0.1553365447,0.1553365447,0.0988236266
correlated_initial_decline,0.65,2.9637065546,0.1604962293,0.1604962293,0.1075637579
correlated_initial_decline,0.70,3.0199670588,0.1660929205,0.1660929205,0.1163038893
correlated_initial_decline,0.75,3.0762275630,0.1721266182,0.1721266182,0.1250440206
correlated_initial_decline,0.80,3.1324880672,0.1785973226,0.1785973226,0.1337841520
correlated_initial_decline,0.85,3.1887485714,0.1855050334,0.1855050334,0.1425242833
correlated_initial_decline,0.90,3.2450090756,0.1928497509,0.1928497509,0.1512644147
correlated_initial_decline,0.95,3.3012695798,0.2006314749,0.2006314749,0.1600045460
correlated_initial_decline,1.00,3.3575300840,0.2088502055,0.2088502055,0.1687446774
correlated_initial_decline,1.05,3.4137905882,0.2175059426,0.2175059426,0.1774848087
correlated_initial_decline,1.10,3.4700510924,0.2265986864,0.2265986864,0.1862249400
correlated_initial_decline,1.15,3.5263115966,0.2361284366,0.2361284366,0.1949650714
correlated_initial_decline,1.20,3.5825721008,0.2460951935,0.2460951935,0.2037052027
correlated_initial_increase,0.00,2.1657600000,0.0943980544,0.0943980544,0.0695287395
correlated_initial_increase,0.05,2.2212221849,0.0981136553,0.0981136553,0.0790952955
correlated_initial_increase,0.10,2.2766843697,0.1023075840,0.1023075840,0.0886618516
correlated_initial_increase,0.15,2.3321465546,0.1069798404,0.1069798404,0.0982284076
correlated_initial_increase,0.20,2.3876087395,0.1121304247,0.1121304247,0.1077949636
correlated_initial_increase,0.25,2.4430709244,0.1177593368,0.1177593368,0.1173615197
correlated_initial_increase,0.30,2.4985331092,0.1238665767,0.1238665767,0.1269280757
correlated_initial_increase,0.35,2.5539952941,0.1304521444,0.1304521444,0.1364946317
correlated_initial_increase,0.40,2.6094574790,0.1375160399,0.1375160399,0.1460611878
correlated_initial_increase,0.45,2.6649196639,0.1450582631,0.1450582631,0.1556277438
correlated_initial_increase,0.50,2.7203818487,0.1530788142,0.1530788142,0.1651942998
correlated_initial_increase,0.55,2.7758440336,0.1615776931,0.1615776931,0.1747608559
correlated_initial_increase,0.60,2.8313062185,0.1705548998,0.1705548998,0.1843274119
correlated_initial_increase,0.65,2.8867684034,0.1800104343,0.1800104343,0.1938939679
correlated_initial_increase,0.70,2.9422305882,0.1899442966,0.1899442966,0.2034605240
correlated_initial_increase,0.75,2.9976927731,0.2003564867,0.2003564867,0.2130270800
correlated_initial_increase,0.80,3.0531549580,0.2112470046,0.2112470046,0.2225936360
correlated_initial_increase,0.85,3.1086171429,0.2226158503,0.2226158503,0.2321601921
correlated_initial_increase,0.90,3.1640793277,0.2344630238,0.2344630238,0.2417267481
correlated_initial_increase,0.95,3.2195415126,0.2467885251,0.2467885251,0.2512933041
correlated_initial_increase,1.00,3.2750036975,0.2595923542,0.2595923542,0.2608598602
correlated_initial_increase,1.05,3.3304658824,0.2728745111,0.2728745111,0.2704264162
correlated_initial_increase,1.10,3.3859280672,0.2866349959,0.2866349959,0.2799929722
correlated_initial_increase,1.15,3.4413902521,0.3008738084,0.3008738084,0.2895595283
correlated_initial_increase,1.20,3.4968524370,0.3155909487,0.3155909487,0.2991260843
